,id,cover_image_id
0,1,
1,3,
2,5,
3,7,
4,9,
5,15,
6,19,
7,21,
8,27,
9,31,
10,35,
11,39,
12,43,
13,47,
14,53,
15,55,
16,57,
17,63,
18,65,
19,67,
20,69,
21,71,
22,73,
23,75,
24,77,
25,81,
26,83,
27,87,
28,89,
29,95,
30,101,
31,111,
32,115,
33,117,
34,127,
35,131,
36,133,
37,135,
38,141,
39,143,
40,145,
41,147,
42,149,
43,151,
44,153,
45,155,
46,157,
47,159,
48,161,
49,163,
50,165,
51,167,
52,169,
53,171,
54,173,
55,175,
56,177,
57,179,
58,181,
59,183,
60,185,
61,187,
62,189,
63,191,
64,193,
65,225,
66,227,
67,233,
68,235,
69,237,
70,239,
71,241,
72,243,
73,245,
74,247,
75,264,
76,266,
77,268,
78,270,
79,272,
80,274,
81,276,
82,278,
83,280,
84,282,
85,284,
86,286,
87,288,
88,290,
89,292,
90,294,
91,296,
92,298,
93,300,
94,302,
95,304,
96,306,
97,308,
98,310,
99,312,
100,314,
101,316,
102,318,
103,320,
104,322,
105,324,
106,326,
107,328,
108,330,
109,332,
110,334,
111,336,
112,338,
113,340,
114,342,
115,344,
116,346,
117,348,
118,350,
119,352,
120,354,
121,356,
122,358,
123,360,
124,362,
125,364,
126,366,
127,368,
128,370,
129,372,
130,374,
131,376,
132,378,
133,380,
134,382,
135,384,
136,386,
137,388,
138,390,
139,392,
140,394,
141,396,
142,398,
143,400,
144,402,
145,404,
146,406,
147,408,
148,410,
149,412,
150,414,
151,416,
152,418,
153,420,
154,422,
155,424,
156,426,
157,428,
158,430,
159,432,
160,434,
161,436,
162,438,
163,440,
164,442,
165,444,
166,446,
167,448,
168,450,
169,452,
170,454,
171,456,
172,458,
173,460,
174,462,
175,464,
176,466,
177,468,
178,470,
179,472,
180,474,
181,476,
182,478,
183,480,
184,482,
185,484,
186,486,
187,488,
188,490,
189,494,
190,496,
191,497,
192,499,
193,501,
194,503,
195,505,
196,509,
197,511,
198,513,
199,517,
200,520,
201,523,
202,526,
203,529,
204,532,
205,536,
206,538,
207,540,
208,544,
209,546,
210,548,
211,550,
212,552,
213,554,
214,556,
215,558,
216,562,
217,564,
218,567,
219,569,
220,573,
221,575,
222,577,
223,579,
224,581,
225,583,
226,585,
227,587,
228,589,
229,591,
230,593,
231,595,
232,597,
233,599,
234,601,
235,603,
236,605,
237,607,
238,609,
239,611,
240,613,
241,615,
242,617,
243,619,
244,621,
245,623,
246,625,
247,627,
248,629,
249,631,
250,633,
251,635,
252,637,
253,639,
254,641,
255,643,
256,645,
257,647,
258,649,
259,651,
260,653,
261,655,
262,657,
263,659,
264,661,
265,663,
266,665,
267,667,
268,669,
269,671,
270,688,
271,690,
272,694,
273,696,
274,698,
275,700,
276,702,
277,704,
278,706,
279,708,
