,list_id,id,position,added,deleted
0,1,1,,2025-04-28 07:46:55,
1,1,3,,2025-04-28 07:46:55,
2,1,5,,2025-04-28 07:46:55,
3,1,7,,2025-04-28 07:46:55,
4,1,9,,2025-04-28 07:46:55,
5,1,15,,2025-04-28 07:46:55,
6,1,19,,2025-04-28 07:46:55,
7,1,21,,2025-04-28 07:46:55,
8,1,27,,2025-04-28 07:46:55,
9,1,31,,2025-04-28 07:46:55,
10,1,35,,2025-04-28 07:46:55,
11,1,39,,2025-04-28 07:46:55,
12,1,43,,2025-04-28 07:46:55,
13,1,47,,2025-04-28 07:46:55,
14,1,53,,2025-04-28 07:46:55,
15,1,55,,2025-04-28 07:46:55,
16,1,57,,2025-04-28 07:46:55,
17,1,63,,2025-04-28 07:46:55,
18,1,65,,2025-04-28 07:46:55,
19,1,67,,2025-04-28 07:46:55,
20,1,69,,2025-04-28 07:46:55,
21,1,71,,2025-04-28 07:46:55,
22,1,73,,2025-04-28 07:46:55,
23,1,75,,2025-04-28 07:46:55,
24,1,77,,2025-04-28 07:46:55,
25,1,81,,2025-04-28 07:46:55,
26,1,83,,2025-04-28 07:46:55,
27,1,87,,2025-04-28 07:46:55,
28,1,89,,2025-04-28 07:46:55,
29,1,95,,2025-04-28 07:46:55,
30,1,101,,2025-04-28 07:46:55,
31,1,111,,2025-04-28 07:46:55,
32,1,115,,2025-04-28 07:46:55,
33,1,117,,2025-04-28 07:46:55,
34,1,127,,2025-04-28 07:46:55,
35,1,131,,2025-04-28 07:46:55,
36,1,133,,2025-04-28 07:46:55,
37,1,135,,2025-04-28 07:46:55,
38,1,141,,2025-04-28 07:46:55,
39,1,143,,2025-04-28 07:46:55,
40,1,145,,2025-04-28 07:46:55,
41,1,147,,2025-04-28 07:46:55,
42,1,149,,2025-04-28 07:46:55,
43,1,151,,2025-04-28 07:46:55,
44,1,153,,2025-04-28 07:46:55,
45,1,155,,2025-04-28 07:46:55,
46,1,157,,2025-04-28 07:46:55,
47,1,159,,2025-04-28 07:46:55,
48,1,161,,2025-04-28 07:46:55,
49,1,163,,2025-04-28 07:46:55,
50,1,165,,2025-04-28 07:46:55,
51,1,167,,2025-04-28 07:46:55,
52,1,169,,2025-04-28 07:46:55,
53,1,171,,2025-04-28 07:46:55,
54,1,173,,2025-04-28 07:46:55,
55,1,175,,2025-04-28 07:46:55,
56,1,177,,2025-04-28 07:46:55,
57,1,179,,2025-04-28 07:46:55,
58,1,181,,2025-04-28 07:46:55,
59,1,183,,2025-04-28 07:46:55,
60,1,185,,2025-04-28 07:46:55,
61,1,187,,2025-04-28 07:46:55,
62,1,189,,2025-04-28 07:46:55,
63,1,191,,2025-04-28 07:46:55,
64,1,193,,2025-04-28 07:46:55,
65,1,225,,2025-04-28 07:46:55,
66,1,227,,2025-04-28 07:46:55,
67,1,233,,2025-04-28 07:46:55,
68,1,235,,2025-04-28 07:46:55,
69,1,237,,2025-04-28 07:46:55,
70,1,239,,2025-04-28 07:46:55,
71,1,241,,2025-04-28 07:46:55,
72,1,243,,2025-04-28 07:46:55,
73,1,245,,2025-04-28 07:46:55,
74,1,247,,2025-04-28 07:46:55,
