,id,deleted,reason
0,264,2025-04-29 13:27:33,user
1,266,2025-04-29 13:27:33,user
2,268,2025-04-29 13:27:33,user
3,270,2025-04-29 13:27:33,user
4,272,2025-04-29 13:27:33,user
5,274,2025-04-29 13:27:33,user
6,276,2025-04-29 13:27:33,user
7,278,2025-04-29 13:27:33,user
8,280,2025-04-29 13:27:33,user
9,282,2025-04-29 13:27:33,user
10,284,2025-04-29 13:27:33,user
11,286,2025-04-29 13:27:33,user
12,288,2025-04-29 13:27:33,user
13,290,2025-04-29 13:27:33,user
14,292,2025-04-29 13:27:33,user
15,294,2025-04-29 13:27:33,user
16,296,2025-04-29 13:27:33,user
17,298,2025-04-29 13:27:33,user
18,300,2025-04-29 13:27:33,user
19,302,2025-04-29 13:27:33,user
20,304,2025-04-29 13:27:33,user
21,306,2025-04-29 13:27:33,user
22,308,2025-04-29 13:27:33,user
23,310,2025-04-29 13:27:33,user
24,312,2025-04-29 13:27:33,user
25,314,2025-04-29 13:27:33,user
26,316,2025-04-29 13:27:33,user
27,318,2025-04-29 13:27:33,user
28,320,2025-04-29 13:27:33,user
29,322,2025-04-29 13:27:33,user
30,324,2025-04-29 13:27:33,user
31,326,2025-04-29 13:27:33,user
32,328,2025-04-29 13:27:33,user
33,330,2025-04-29 13:27:33,user
34,332,2025-04-29 13:27:33,user
35,334,2025-04-29 13:27:33,user
36,336,2025-04-29 13:27:33,user
37,338,2025-04-29 13:27:33,user
38,340,2025-04-29 13:27:33,user
39,342,2025-04-29 13:27:33,user
40,344,2025-04-29 13:27:33,user
41,346,2025-04-29 13:27:33,user
42,348,2025-04-29 13:27:33,user
43,350,2025-04-29 13:27:33,user
44,352,2025-04-29 13:27:33,user
45,354,2025-04-29 13:27:33,user
46,356,2025-04-29 13:27:33,user
47,358,2025-04-29 13:27:33,user
48,360,2025-04-29 13:27:33,user
49,362,2025-04-29 13:27:33,user
50,364,2025-04-29 13:27:33,user
51,366,2025-04-29 13:27:33,user
52,368,2025-04-29 13:27:33,user
53,370,2025-04-29 13:27:33,user
54,372,2025-04-29 13:27:33,user
55,374,2025-04-29 13:27:33,user
56,376,2025-04-29 13:27:33,user
57,378,2025-04-29 13:27:33,user
58,380,2025-04-29 13:27:33,user
59,382,2025-04-29 13:27:33,user
60,384,2025-04-29 13:27:33,user
61,386,2025-04-29 13:27:33,user
62,388,2025-04-29 13:27:33,user
63,390,2025-04-29 13:27:33,user
64,392,2025-04-29 13:27:33,user
65,394,2025-04-29 13:27:33,user
66,396,2025-04-29 13:27:33,user
67,398,2025-04-29 13:27:33,user
68,400,2025-04-29 13:27:33,user
69,402,2025-04-29 13:27:33,user
70,404,2025-04-29 13:27:33,user
71,406,2025-04-29 13:27:33,user
72,408,2025-04-29 13:27:33,user
73,410,2025-04-29 13:27:33,user
74,412,2025-04-29 13:27:33,user
75,414,2025-04-29 13:27:33,user
76,416,2025-04-29 13:27:33,user
77,418,2025-04-29 13:27:33,user
78,420,2025-04-29 13:27:33,user
79,422,2025-04-29 13:27:33,user
80,424,2025-04-29 13:27:33,user
81,426,2025-04-29 13:27:33,user
82,428,2025-04-29 13:27:33,user
83,430,2025-04-29 13:27:33,user
84,432,2025-04-29 13:27:33,user
85,434,2025-04-29 13:27:33,user
86,436,2025-04-29 13:27:33,user
87,438,2025-04-29 13:27:33,user
88,440,2025-04-29 13:27:33,user
89,442,2025-04-29 13:27:33,user
90,444,2025-04-29 13:27:33,user
91,446,2025-04-29 13:27:33,user
92,448,2025-04-29 13:27:33,user
93,450,2025-04-29 13:27:33,user
94,452,2025-04-29 13:27:33,user
95,454,2025-04-29 13:27:33,user
96,456,2025-04-29 13:27:33,user
97,458,2025-04-29 13:27:33,user
98,460,2025-04-29 13:27:33,user
99,462,2025-04-29 13:27:33,user
100,464,2025-04-29 13:27:33,user
101,466,2025-04-29 13:27:33,user
102,468,2025-04-29 13:27:33,user
103,470,2025-04-29 13:27:33,user
104,472,2025-04-29 13:27:33,user
105,474,2025-04-29 13:27:33,user
106,476,2025-04-29 13:27:33,user
107,478,2025-04-29 13:27:33,user
108,480,2025-04-29 13:27:33,user
109,482,2025-04-29 13:27:33,user
110,484,2025-04-29 13:27:33,user
111,486,2025-04-29 13:27:33,user
112,488,2025-04-29 13:27:33,user
113,496,2025-05-05 06:52:01,user
114,494,2025-05-05 06:55:22,user
115,490,2025-05-05 06:55:50,user
116,497,2025-05-06 09:58:46,user
117,499,2025-05-06 09:58:46,user
118,501,2025-05-06 09:58:46,user
119,503,2025-05-06 09:58:46,user
120,505,2025-05-06 09:58:46,user
121,509,2025-05-06 09:58:46,user
122,511,2025-05-06 09:58:46,user
123,513,2025-05-06 09:58:46,user
124,517,2025-05-06 09:58:46,user
125,520,2025-05-06 09:58:46,user
126,523,2025-05-06 09:58:46,user
127,526,2025-05-06 09:58:46,user
128,529,2025-05-06 09:58:46,user
129,532,2025-05-06 09:58:46,user
130,536,2025-05-06 09:58:46,user
131,538,2025-05-06 09:58:46,user
132,540,2025-05-06 09:58:46,user
133,544,2025-05-06 09:58:46,user
134,546,2025-05-06 09:58:46,user
135,548,2025-05-06 09:58:46,user
136,550,2025-05-06 09:58:46,user
137,552,2025-05-06 09:58:46,user
138,554,2025-05-06 09:58:46,user
139,556,2025-05-06 09:58:46,user
140,558,2025-05-06 09:58:46,user
141,562,2025-05-06 09:58:46,user
142,564,2025-05-06 09:58:46,user
143,567,2025-05-06 09:58:46,user
144,569,2025-05-06 09:58:46,user
145,573,2025-05-06 09:58:46,user
146,575,2025-05-06 09:58:46,user
147,577,2025-05-06 09:58:46,user
148,579,2025-05-06 09:58:46,user
149,581,2025-05-06 09:58:46,user
150,583,2025-05-06 09:58:46,user
151,585,2025-05-06 09:58:46,user
152,587,2025-05-06 09:58:46,user
153,589,2025-05-06 09:58:46,user
154,591,2025-05-06 09:58:46,user
155,593,2025-05-06 09:58:46,user
156,595,2025-05-06 09:58:46,user
157,597,2025-05-06 09:58:46,user
158,599,2025-05-06 09:58:46,user
159,601,2025-05-06 09:58:46,user
160,603,2025-05-06 09:58:46,user
161,605,2025-05-06 09:58:46,user
162,607,2025-05-06 09:58:46,user
163,609,2025-05-06 09:58:46,user
164,611,2025-05-06 09:58:46,user
165,613,2025-05-06 09:58:46,user
166,615,2025-05-06 09:58:46,user
167,617,2025-05-06 09:58:46,user
168,619,2025-05-06 09:58:46,user
169,621,2025-05-06 09:58:46,user
170,623,2025-05-06 09:58:46,user
171,625,2025-05-06 09:58:46,user
172,627,2025-05-06 09:58:46,user
173,629,2025-05-06 09:58:46,user
174,631,2025-05-06 09:58:46,user
175,633,2025-05-06 09:58:46,user
176,635,2025-05-06 09:58:46,user
177,637,2025-05-06 09:58:46,user
178,639,2025-05-06 09:58:46,user
179,641,2025-05-06 09:58:46,user
180,643,2025-05-06 09:58:46,user
181,645,2025-05-06 09:58:46,user
182,647,2025-05-06 09:58:46,user
183,649,2025-05-06 09:58:46,user
184,651,2025-05-06 09:58:46,user
185,653,2025-05-06 09:58:46,user
186,655,2025-05-06 09:58:46,user
187,657,2025-05-06 09:58:46,user
188,659,2025-05-06 09:58:46,user
189,661,2025-05-06 09:58:46,user
190,663,2025-05-06 09:58:46,user
191,665,2025-05-06 09:58:46,user
192,667,2025-05-06 09:58:46,user
193,669,2025-05-06 09:58:46,user
194,671,2025-05-06 09:58:46,user
195,688,2025-05-06 09:58:46,user
196,690,2025-05-06 09:58:46,user
197,694,2025-05-06 09:58:46,user
198,696,2025-05-06 09:58:46,user
199,698,2025-05-06 09:58:46,user
200,700,2025-05-06 09:58:46,user
201,702,2025-05-06 09:58:46,user
202,704,2025-05-06 09:58:46,user
203,706,2025-05-06 09:58:46,user
204,708,2025-05-06 09:58:46,user
